<?xml version="1.0" encoding="UTF-8"?>
<project-private xmlns="http://www.netbeans.org/ns/project-private/1">
    <editor-bookmarks xmlns="http://www.netbeans.org/ns/editor-bookmarks/2" lastBookmarkId="0"/>
    <open-files xmlns="http://www.netbeans.org/ns/projectui-open-files/2">
        <group>
            <file>file:/C:/Users/HP/Documents/NetBeansProjects/busticket1/src/com/configure/Record.java</file>
            <file>file:/C:/Users/HP/Documents/NetBeansProjects/busticket1/src/com/passenger/PassengerDetails.java</file>
            <file>file:/C:/Users/HP/Documents/NetBeansProjects/busticket1/src/login/Loginpage.java</file>
            <file>file:/C:/Users/HP/Documents/NetBeansProjects/busticket1/src/com/passenger/preview.java</file>
        </group>
    </open-files>
</project-private>
